model,accuracy,precision,recall,f1,log_loss
logistic_regression,0.5762863544710696,0.49514376223420636,0.5762863544710696,0.4990980842760397,0.9120714313382813
random_forest,0.5712667773421342,0.5145782591089285,0.5712667773421342,0.5183711785244697,0.9211284135304953
